Sequence,Video ID,PSNR(dB),SSIM,VIF,Compression Ratio (%)
referee,TY0V0YWC,32.29541927714347,0.8604716232419014,1.5012276963485491,87.12418732378386
referee,BXK4PT0L,34.40404662676522,0.9179331395030021,1.4458389830822633,80.6981359212132
referee,EIQQ1J27,34.722912240929176,0.9203561949729919,1.4259445666777384,82.94262192237055
referee,ZSL2BM96,40.54201632831753,0.9880472886562347,1.1777948804811664,71.63173658845233
referee,X1ZESFML,40.04306671017775,0.9856622114777565,1.182352909474667,71.85820978779634
referee,JT8PFMOL,40.106526329128876,0.9859608921408654,1.1819680201350868,71.84077029584874
referee,H708NWBU,43.338027474013316,0.9961791121959687,1.180039218235255,72.22868679487866
referee,7AFKCMDU,32.35620851133592,0.8606922474503517,1.5165858562294414,86.89239188731774
referee,BQLSO9OX,34.72163768369241,0.9201476293802261,1.4372255433135237,82.849204651079
referee,QHI0RCCZ,43.338027474013316,0.9961791121959687,1.180039218235255,72.22868679487866
referee,VG20XVAK,32.29671949150861,0.8595666480064392,1.396518900523013,85.931664877312
referee,MQUMBSK1,43.338027474013316,0.9961791121959687,1.180039218235255,72.22868679487866
referee,PTDNBXBE,32.29541927714347,0.8604716232419014,1.5012276963485491,87.12418732378386
referee,P81PQ6GJ,40.04306671017775,0.9856622114777565,1.182352909474667,71.85820978779634
referee,Q7E2Z76U,43.338027474013316,0.9961791121959687,1.180039218235255,72.22868679487866
referee,58IQLJTB,34.722912240929176,0.9203561949729919,1.4259445666777384,82.94262192237055
cat,7UMCCGT0,31.2061291022638,0.8928783503174782,1.3095225446848562,55.53004140536137
cat,IGMV9398,31.200650273158498,0.8925233408808708,1.3130371238309473,55.517589140360734
cat,ZW5CXDJF,37.21620957591804,0.9891474321484566,1.188218842942409,48.68251559772611
cat,ME3YZR47,29.564710574569144,0.6526204204559326,1.319310768094372,66.60321489670152
cat,XUZ40ASG,39.77315675680209,0.995869827568531,1.191416643217498,49.284168588497835
cat,EK7FIZAW,31.202592781246484,0.8928546118736267,1.3039959430269943,55.536653115610434
cat,MQMKS193,31.190245185187578,0.8926242890954018,1.296799748846141,55.458981322550635
cat,1OQ0UH38,39.77315675680209,0.995869827568531,1.191416643217498,49.284168588497835
cat,T5IBBK8K,29.563103588662116,0.6522380682826042,1.3132011508593746,66.44661344218848
cat,9JIJMU7S,39.77315675680209,0.995869827568531,1.191416643217498,49.284168588497835
cat,FSS2L9MP,37.175696255000105,0.9895779305696487,1.1880383172273594,48.55531918726532
cat,OQ2TZTXT,37.231212724201825,0.9890946239233017,1.1886142527001673,48.71025823279604
cat,QE140HIC,29.55334040037774,0.6502492967247963,1.3011175181894117,66.366040334593
cat,327MO5R2,29.565191570005858,0.6529063418507576,1.316463876328899,66.65846629181347
cat,RUSGXVZU,37.33973320996873,0.9907872459292412,1.1871895738338918,48.325306257768844
cat,O8D03WCH,39.77315675680209,0.995869827568531,1.191416643217498,49.284168588497835
american_football,AJUONFXN,31.472782933343,0.8639304715394974,1.3656016021728496,86.5154359098671
american_football,JGZ16AYG,33.40528580361347,0.9319091954827309,1.2852504022804063,79.88841000694356
american_football,Q0Y7RNPU,40.692315195143905,0.9947083568572999,1.1713644397882816,63.707115142049055
american_football,PK1CHOWP,33.870510629993966,0.9368975070118905,1.2159077975789259,80.80427093726682
american_football,WFLZR8G1,38.292851871455575,0.9824331265687942,1.1684601009201279,63.39526491561694
american_football,HVACR7PT,38.33261015091849,0.9829027074575424,1.1688114826782305,63.313219027440184
american_football,HIFIHIVP,33.872792457878276,0.9371391499042511,1.2114955340631637,81.21355223614552
american_football,DSZ08REG,31.254528720332818,0.8610097390413284,1.4511282080050842,86.11783572049153
american_football,CU40P82H,31.474213052010235,0.863709133863449,1.350956749486388,86.5101832031587
american_football,RIVA66FO,34.064746494926524,0.9363338410854339,1.227621156590866,80.76562466913794
american_football,89PY7HTP,38.299837765870436,0.9823897224664688,1.1687110158440206,63.39820415583283
american_football,LFLTBPSK,40.692315195143905,0.9947083568572999,1.1713644397882816,63.707115142049055
american_football,AVKC05JO,38.623140621354224,0.9849008345603942,1.1686193387119255,63.06503969712551
american_football,R5OLGTNK,30.607530283333176,0.8500026524066925,1.6902850974408243,86.19808013885856
american_football,5GW7319G,40.692315195143905,0.9947083568572999,1.1713644397882816,63.707115142049055
american_football,HRBBM850,40.692315195143905,0.9947083568572999,1.1713644397882816,63.707115142049055
wheel,8S08J5B8,38.255992541539484,0.9836908721923828,1.1864599765349266,63.206047376127614
wheel,9NERIIR5,31.319626241561437,0.8502675586938858,1.3749404853821938,86.16826423327075
wheel,RXJO6RDS,33.62358763181862,0.9281460908055306,1.262644169810204,79.99564486772313
wheel,161NJ3MN,32.92561909065727,0.9203530117869377,1.3437837610925738,78.08402624077813
wheel,A1SLSKZF,29.89479863511474,0.8330839845538139,1.6088901432544112,85.59800106381535
wheel,H4HX7M0D,33.636093472300715,0.9281449007987976,1.2625279439055896,80.12379574113574
wheel,QW9BFYEW,40.505673492260705,0.9951858448982239,1.1891922327434394,63.76549540577792
wheel,95EFK79L,31.212606685899733,0.848173454105854,1.3906053116874895,85.9972446993331
wheel,K4WEL95W,38.22938571061865,0.9832814767956733,1.186229194422586,63.264187443881845
wheel,I5TQLU1P,40.505673492260705,0.9951858448982239,1.1891922327434394,63.76549540577792
wheel,1GKI544H,38.23398988062474,0.9832734906673432,1.1863550774875882,63.31120896638931
wheel,VHOZZZS8,40.505673492260705,0.9951858448982239,1.1891922327434394,63.76549540577792
wheel,BPKQLY72,40.505673492260705,0.9951858448982239,1.1891922327434394,63.76549540577792
wheel,R1VWDA0H,38.51887052784274,0.9857268145680428,1.186384223633915,63.00887176474195
wheel,CWBWN1ED,31.23454018020339,0.8503267052769661,1.3823422615708187,86.37395415986244
wheel,0SYFC5CE,33.599804657996685,0.9272567296028137,1.268766140347771,79.34083271519742
runberk,SKSTSZJZ,34.189499639574244,0.9389426738023758,1.3561050593393873,79.49363528074326
runberk,NE04687M,41.122328646052075,0.9960386663675308,1.1838568937055438,67.94412156697533
runberk,WUNM4BRK,38.7182467901968,0.986097754240036,1.184231739690339,67.32829069275364
runberk,ROF9A6U2,32.11927518656367,0.8614061141014099,1.3421423137536865,85.57388665215167
runberk,FZPTXCDI,39.003671453717374,0.9880600437521935,1.1806003421920641,67.0832655148427
runberk,XLYKGV0I,41.122328646052075,0.9960386663675308,1.1838568937055438,67.94412156697533
runberk,HEXNB9ZV,34.063716943130856,0.9399758207798005,1.3216598714256633,80.0647960246302
runberk,8N2S1JMC,41.122328646052075,0.9960386663675308,1.1838568937055438,67.94412156697533
runberk,RH0GYE6J,33.664868016973045,0.9366054770350456,1.3120949043268484,77.20905551466254
runberk,KV09TGPZ,38.658931336472236,0.9856228670477867,1.1831756948061511,67.31277276860311
runberk,W8NK6ALD,31.545406017625933,0.8611317530274392,1.3252628611902189,85.0307529859362
runberk,1PBFXVOZ,41.122328646052075,0.9960386663675308,1.1838568937055438,67.94412156697533
runberk,4IU77F3L,32.11083131907797,0.8612857812643051,1.3708612523821706,85.43935794351792
runberk,J2ZHNJ3Q,38.64594755094566,0.9855607694387436,1.1826529762318194,67.28355735295186
runberk,5KTK5DP1,32.12259748872091,0.8615912395715714,1.324935975897164,85.72039355478348
runberk,64Z53COB,34.0472654157127,0.9402195325493813,1.3086632146166703,80.19455873945151
ant,VHDLLPPF,31.571036498650802,0.9273977857828141,0.7558517661740705,88.74430285172672
ant,PXSIPPFH,38.63636380630548,0.9773668321967125,1.144688742680637,60.20225133158643
ant,IQAOYL1Z,31.571036498650802,0.9273977857828141,0.7558517661740705,88.74430285172672
ant,XP1LXQ4L,32.69849375323293,0.9347171145677566,1.3583122133248258,89.83457766436594
ant,MZZ8G5A7,40.97600675713478,0.9897990915179252,1.1507586252635502,59.419800302330884
ant,XLXQ4GJH,40.97600675713478,0.9897990915179252,1.1507586252635502,59.419800302330884
ant,QHTQ1HAO,31.69378767253274,0.929187944829464,0.9895845055444725,89.78513521927206
ant,U653LQZ6,38.64167638424704,0.9774140059947968,1.144591578027141,60.19703655055826
ant,M71MWCB7,40.97600675713478,0.9897990915179252,1.1507586252635502,59.419800302330884
ant,EBN412TH,38.63636380630548,0.9773668321967125,1.144688742680637,60.20225133158643
ant,GH98LIG7,39.19086546130687,0.9810117980837822,1.1619809476225642,59.91015406359441
ant,B3259L3H,32.69849375323293,0.9347171145677566,1.3583122133248258,89.83457766436594
ant,SFB8LXUO,40.97600675713478,0.9897990915179252,1.1507586252635502,59.419800302330884
ant,L4ZJEJAU,31.560185920663614,0.9273943534493446,0.7121973713220016,88.7542330589937
ant,G9PG3KLJ,33.39631825577646,0.9364587333798409,1.5522400174660413,90.62693361710171
ant,BECPV6SX,32.688950549605586,0.9347440129518509,1.374235720063062,89.87262344255824
misato,JHFBS669,29.559413765193867,0.6798161342740059,1.3271303414147206,72.9982178090777
misato,JP6CIOO9,30.85476581816087,0.8715023657679558,1.2358353371003024,61.70614361254114
misato,2I2WNWZ1,39.543015139456976,0.9931729066371918,1.202226557631521,52.31618766005822
misato,DRHCLRO8,39.543015139456976,0.9931729066371918,1.202226557631521,52.31618766005822
misato,OBSXY2TV,39.543015139456976,0.9931729066371918,1.202226557631521,52.31618766005822
misato,Y358OZOO,37.05296974694915,0.9842705860733986,1.19835270949662,51.86357627154534
misato,G9292WZ9,39.543015139456976,0.9931729066371918,1.202226557631521,52.31618766005822
misato,WW4FC4JZ,37.42475297963138,0.9869163742661476,1.196236830699294,51.77259888568031
misato,04HP5CDH,37.02766712500802,0.9835843312740326,1.1973495349047183,51.899498211646154
misato,0SFBHXF8,29.541448321271655,0.6779473724961281,1.3228740051290535,72.61044669182193
misato,P1NGJMVK,30.911620309870294,0.8716140049695968,1.2481934865389988,61.29006729595905
misato,L40WZV6L,30.881420883285692,0.871857393682003,1.2340918160706886,61.94953166525657
misato,JZJBXWFV,30.929629489553257,0.8725535744428634,1.2363483054158726,61.980333638529714
misato,3U4NCFWT,37.0294760138552,0.9834750652313232,1.1972413068036927,51.91650155827139
misato,6XKZLTMH,29.523855367514567,0.6721398296952248,1.271169905919222,71.9645786788779
misato,JXDDMB5M,29.580836937796203,0.6797599044442176,1.3274482149953883,72.96349684885006
duck,ZJUS9C6S,32.02933947085002,0.8731835436820984,1.3093403139391748,66.81826614535713
duck,DY2S7E15,38.43732435194731,0.985116935968399,1.1968091946583197,58.78198517548371
duck,V99QFARR,38.43732435194731,0.985116935968399,1.1968091946583197,58.78198517548371
duck,FR8BLLNI,41.328311133640845,0.9957070186734199,1.1973575694271632,58.93213926436191
duck,F87WXFI7,29.666048007138635,0.6857775887846946,1.472259524046986,74.15040629465157
duck,8BIO1106,39.002619671855236,0.98792301684618,1.1943815412416674,58.640990138375
duck,5WNITK8Q,32.180931812528435,0.8707809400558472,1.3337794532851839,68.00819700368163
duck,OBU3DQ6R,41.328311133640845,0.9957070186734199,1.1973575694271632,58.93213926436191
duck,CMWJBKJB,29.90180474355748,0.6927439376711846,1.6359419846566243,75.59146204445332
duck,QHMJCSEC,32.180931812528435,0.8707809400558472,1.3337794532851839,68.00819700368163
duck,C19IXTI1,38.484803797222376,0.985305178463459,1.1970596805756126,58.79536029870266
duck,ZJYQQTAO,29.973041395610416,0.6932635426521301,1.6114937706714838,75.99350585935957
duck,1B90I8SV,29.973041395610416,0.6932635426521301,1.6114937706714838,75.99350585935957
duck,42FN6N9S,41.328311133640845,0.9957070186734199,1.1973575694271632,58.93213926436191
duck,DM8DJ4KB,32.17351864892444,0.8717803657054901,1.3467451131347528,68.00065611426756
duck,ZFF20L53,41.328311133640845,0.9957070186734199,1.1973575694271632,58.93213926436191
