Sequence,Video ID,Bitrate,Quantizer,QP Step,B-Frames,IP Factor,PB Factor,Ref Number,Subme,RC Lookahead,Key-int-max,PSNR(dB),SSIM,VIF,Compression Ratio (%)
referee,QHI0RCCZ,2048,0,4,0,1.4,1.3,3,5,40,0,43.33802747401332,0.9961791121959688,1.180039218235255,72.22868679487866
referee,ZSL2BM96,2048,12,4,0,1.4,1.3,3,5,40,0,40.54201632831753,0.9880472886562348,1.1777948804811664,71.63173658845233
referee,BXK4PT0L,2048,37,4,0,1.4,1.3,3,5,40,0,34.40404662676522,0.917933139503002,1.445838983082263,80.6981359212132
referee,VG20XVAK,2048,50,4,0,1.4,1.3,3,5,40,0,32.29671949150861,0.8595666480064392,1.396518900523013,85.931664877312
referee,Q7E2Z76U,2048,0,4,4,1.4,1.3,3,5,40,0,43.33802747401332,0.9961791121959688,1.180039218235255,72.22868679487866
referee,JT8PFMOL,2048,12,4,4,1.4,1.3,3,5,40,0,40.10652632912888,0.9859608921408654,1.1819680201350868,71.84077029584874
referee,BQLSO9OX,2048,37,4,4,1.4,1.3,3,5,40,0,34.72163768369241,0.920147629380226,1.4372255433135237,82.849204651079
referee,7AFKCMDU,2048,50,4,4,1.4,1.3,3,5,40,0,32.35620851133592,0.8606922474503517,1.5165858562294414,86.89239188731774
referee,H708NWBU,2048,0,4,12,1.4,1.3,3,5,40,0,43.33802747401332,0.9961791121959688,1.180039218235255,72.22868679487866
referee,X1ZESFML,2048,12,4,12,1.4,1.3,3,5,40,0,40.04306671017775,0.9856622114777563,1.182352909474667,71.85820978779634
referee,58IQLJTB,2048,37,4,12,1.4,1.3,3,5,40,0,34.722912240929176,0.920356194972992,1.4259445666777384,82.94262192237055
referee,PTDNBXBE,2048,50,4,12,1.4,1.3,3,5,40,0,32.29541927714347,0.8604716232419014,1.5012276963485491,87.12418732378386
referee,MQUMBSK1,2048,0,4,16,1.4,1.3,3,5,40,0,43.33802747401332,0.9961791121959688,1.180039218235255,72.22868679487866
referee,P81PQ6GJ,2048,12,4,16,1.4,1.3,3,5,40,0,40.04306671017775,0.9856622114777563,1.182352909474667,71.85820978779634
referee,EIQQ1J27,2048,37,4,16,1.4,1.3,3,5,40,0,34.722912240929176,0.920356194972992,1.4259445666777384,82.94262192237055
referee,TY0V0YWC,2048,50,4,16,1.4,1.3,3,5,40,0,32.29541927714347,0.8604716232419014,1.5012276963485491,87.12418732378386
cat,1OQ0UH38,2048,0,4,0,1.4,1.3,3,5,40,0,39.77315675680209,0.995869827568531,1.191416643217498,49.28416858849784
cat,RUSGXVZU,2048,12,4,0,1.4,1.3,3,5,40,0,37.33973320996873,0.9907872459292412,1.1871895738338918,48.32530625776885
cat,MQMKS193,2048,37,4,0,1.4,1.3,3,5,40,0,31.190245185187575,0.8926242890954018,1.296799748846141,55.45898132255064
cat,QE140HIC,2048,50,4,0,1.4,1.3,3,5,40,0,29.55334040037774,0.6502492967247963,1.3011175181894117,66.366040334593
cat,XUZ40ASG,2048,0,4,4,1.4,1.3,3,5,40,0,39.77315675680209,0.995869827568531,1.191416643217498,49.28416858849784
cat,FSS2L9MP,2048,12,4,4,1.4,1.3,3,5,40,0,37.175696255000105,0.9895779305696488,1.1880383172273594,48.55531918726532
cat,IGMV9398,2048,37,4,4,1.4,1.3,3,5,40,0,31.200650273158494,0.8925233408808708,1.3130371238309473,55.517589140360734
cat,T5IBBK8K,2048,50,4,4,1.4,1.3,3,5,40,0,29.56310358866212,0.6522380682826042,1.3132011508593746,66.44661344218848
cat,O8D03WCH,2048,0,4,12,1.4,1.3,3,5,40,0,39.77315675680209,0.995869827568531,1.191416643217498,49.28416858849784
cat,ZW5CXDJF,2048,12,4,12,1.4,1.3,3,5,40,0,37.21620957591804,0.9891474321484566,1.188218842942409,48.68251559772611
cat,7UMCCGT0,2048,37,4,12,1.4,1.3,3,5,40,0,31.2061291022638,0.8928783503174782,1.3095225446848562,55.53004140536137
cat,ME3YZR47,2048,50,4,12,1.4,1.3,3,5,40,0,29.564710574569144,0.6526204204559326,1.319310768094372,66.60321489670152
cat,9JIJMU7S,2048,0,4,16,1.4,1.3,3,5,40,0,39.77315675680209,0.995869827568531,1.191416643217498,49.28416858849784
cat,OQ2TZTXT,2048,12,4,16,1.4,1.3,3,5,40,0,37.23121272420183,0.9890946239233016,1.1886142527001673,48.71025823279604
cat,EK7FIZAW,2048,37,4,16,1.4,1.3,3,5,40,0,31.202592781246484,0.8928546118736267,1.3039959430269945,55.536653115610434
cat,327MO5R2,2048,50,4,16,1.4,1.3,3,5,40,0,29.565191570005855,0.6529063418507576,1.316463876328899,66.65846629181347
american_football,Q0Y7RNPU,2048,0,4,0,1.4,1.3,3,5,40,0,40.69231519514391,0.9947083568573,1.1713644397882816,63.707115142049055
american_football,AVKC05JO,2048,12,4,0,1.4,1.3,3,5,40,0,38.623140621354224,0.9849008345603942,1.1686193387119257,63.06503969712551
american_football,JGZ16AYG,2048,37,4,0,1.4,1.3,3,5,40,0,33.40528580361347,0.9319091954827308,1.2852504022804063,79.88841000694356
american_football,R5OLGTNK,2048,50,4,0,1.4,1.3,3,5,40,0,30.607530283333176,0.8500026524066925,1.6902850974408243,86.19808013885856
american_football,LFLTBPSK,2048,0,4,4,1.4,1.3,3,5,40,0,40.69231519514391,0.9947083568573,1.1713644397882816,63.707115142049055
american_football,HVACR7PT,2048,12,4,4,1.4,1.3,3,5,40,0,38.33261015091849,0.9829027074575424,1.1688114826782303,63.31321902744018
american_football,RIVA66FO,2048,37,4,4,1.4,1.3,3,5,40,0,34.064746494926524,0.936333841085434,1.227621156590866,80.76562466913794
american_football,DSZ08REG,2048,50,4,4,1.4,1.3,3,5,40,0,31.254528720332814,0.8610097390413284,1.4511282080050842,86.11783572049153
american_football,5GW7319G,2048,0,4,12,1.4,1.3,3,5,40,0,40.69231519514391,0.9947083568573,1.1713644397882816,63.707115142049055
american_football,WFLZR8G1,2048,12,4,12,1.4,1.3,3,5,40,0,38.292851871455575,0.9824331265687942,1.168460100920128,63.39526491561694
american_football,PK1CHOWP,2048,37,4,12,1.4,1.3,3,5,40,0,33.870510629993966,0.9368975070118905,1.215907797578926,80.80427093726682
american_football,CU40P82H,2048,50,4,12,1.4,1.3,3,5,40,0,31.474213052010235,0.863709133863449,1.350956749486388,86.5101832031587
american_football,HRBBM850,2048,0,4,16,1.4,1.3,3,5,40,0,40.69231519514391,0.9947083568573,1.1713644397882816,63.707115142049055
american_football,89PY7HTP,2048,12,4,16,1.4,1.3,3,5,40,0,38.29983776587044,0.9823897224664688,1.1687110158440206,63.39820415583283
american_football,HIFIHIVP,2048,37,4,16,1.4,1.3,3,5,40,0,33.87279245787828,0.9371391499042512,1.2114955340631637,81.21355223614552
american_football,AJUONFXN,2048,50,4,16,1.4,1.3,3,5,40,0,31.472782933343,0.8639304715394974,1.3656016021728496,86.5154359098671
wheel,BPKQLY72,2048,0,4,0,1.4,1.3,3,5,40,0,40.50567349226071,0.995185844898224,1.1891922327434394,63.76549540577792
wheel,R1VWDA0H,2048,12,4,0,1.4,1.3,3,5,40,0,38.51887052784274,0.9857268145680428,1.186384223633915,63.00887176474195
wheel,161NJ3MN,2048,37,4,0,1.4,1.3,3,5,40,0,32.92561909065727,0.9203530117869376,1.3437837610925738,78.08402624077813
wheel,A1SLSKZF,2048,50,4,0,1.4,1.3,3,5,40,0,29.89479863511474,0.8330839845538139,1.6088901432544112,85.59800106381535
wheel,I5TQLU1P,2048,0,4,4,1.4,1.3,3,5,40,0,40.50567349226071,0.995185844898224,1.1891922327434394,63.76549540577792
wheel,8S08J5B8,2048,12,4,4,1.4,1.3,3,5,40,0,38.25599254153949,0.9836908721923828,1.1864599765349266,63.206047376127614
wheel,0SYFC5CE,2048,37,4,4,1.4,1.3,3,5,40,0,33.599804657996685,0.9272567296028136,1.268766140347771,79.34083271519742
wheel,95EFK79L,2048,50,4,4,1.4,1.3,3,5,40,0,31.212606685899733,0.848173454105854,1.3906053116874897,85.9972446993331
wheel,QW9BFYEW,2048,0,4,12,1.4,1.3,3,5,40,0,40.50567349226071,0.995185844898224,1.1891922327434394,63.76549540577792
wheel,K4WEL95W,2048,12,4,12,1.4,1.3,3,5,40,0,38.22938571061865,0.9832814767956732,1.186229194422586,63.264187443881845
wheel,RXJO6RDS,2048,37,4,12,1.4,1.3,3,5,40,0,33.62358763181862,0.9281460908055306,1.262644169810204,79.99564486772313
wheel,9NERIIR5,2048,50,4,12,1.4,1.3,3,5,40,0,31.31962624156144,0.8502675586938858,1.3749404853821938,86.16826423327075
wheel,VHOZZZS8,2048,0,4,16,1.4,1.3,3,5,40,0,40.50567349226071,0.995185844898224,1.1891922327434394,63.76549540577792
wheel,1GKI544H,2048,12,4,16,1.4,1.3,3,5,40,0,38.23398988062474,0.9832734906673432,1.1863550774875882,63.31120896638931
wheel,H4HX7M0D,2048,37,4,16,1.4,1.3,3,5,40,0,33.636093472300715,0.9281449007987976,1.2625279439055896,80.12379574113574
wheel,CWBWN1ED,2048,50,4,16,1.4,1.3,3,5,40,0,31.23454018020339,0.8503267052769661,1.3823422615708187,86.37395415986244
runberk,NE04687M,2048,0,4,0,1.4,1.3,3,5,40,0,41.12232864605208,0.9960386663675308,1.1838568937055438,67.94412156697533
runberk,FZPTXCDI,2048,12,4,0,1.4,1.3,3,5,40,0,39.003671453717374,0.9880600437521936,1.180600342192064,67.0832655148427
runberk,RH0GYE6J,2048,37,4,0,1.4,1.3,3,5,40,0,33.664868016973045,0.9366054770350456,1.3120949043268484,77.20905551466254
runberk,W8NK6ALD,2048,50,4,0,1.4,1.3,3,5,40,0,31.545406017625933,0.8611317530274392,1.3252628611902189,85.0307529859362
runberk,8N2S1JMC,2048,0,4,4,1.4,1.3,3,5,40,0,41.12232864605208,0.9960386663675308,1.1838568937055438,67.94412156697533
runberk,WUNM4BRK,2048,12,4,4,1.4,1.3,3,5,40,0,38.7182467901968,0.986097754240036,1.184231739690339,67.32829069275364
runberk,SKSTSZJZ,2048,37,4,4,1.4,1.3,3,5,40,0,34.189499639574244,0.9389426738023758,1.3561050593393873,79.49363528074326
runberk,4IU77F3L,2048,50,4,4,1.4,1.3,3,5,40,0,32.11083131907797,0.8612857812643051,1.3708612523821706,85.43935794351792
runberk,1PBFXVOZ,2048,0,4,12,1.4,1.3,3,5,40,0,41.12232864605208,0.9960386663675308,1.1838568937055438,67.94412156697533
runberk,KV09TGPZ,2048,12,4,12,1.4,1.3,3,5,40,0,38.65893133647224,0.9856228670477868,1.1831756948061511,67.31277276860311
runberk,HEXNB9ZV,2048,37,4,12,1.4,1.3,3,5,40,0,34.063716943130856,0.9399758207798004,1.321659871425663,80.0647960246302
runberk,ROF9A6U2,2048,50,4,12,1.4,1.3,3,5,40,0,32.11927518656367,0.8614061141014099,1.3421423137536863,85.57388665215167
runberk,XLYKGV0I,2048,0,4,16,1.4,1.3,3,5,40,0,41.12232864605208,0.9960386663675308,1.1838568937055438,67.94412156697533
runberk,J2ZHNJ3Q,2048,12,4,16,1.4,1.3,3,5,40,0,38.64594755094566,0.9855607694387436,1.1826529762318194,67.28355735295186
runberk,64Z53COB,2048,37,4,16,1.4,1.3,3,5,40,0,34.0472654157127,0.9402195325493812,1.3086632146166703,80.19455873945151
runberk,5KTK5DP1,2048,50,4,16,1.4,1.3,3,5,40,0,32.12259748872091,0.8615912395715714,1.324935975897164,85.72039355478348
ant,M71MWCB7,2048,0,4,0,1.4,1.3,3,5,40,0,40.97600675713478,0.9897990915179252,1.1507586252635502,59.41980030233088
ant,GH98LIG7,2048,12,4,0,1.4,1.3,3,5,40,0,39.19086546130687,0.9810117980837822,1.1619809476225642,59.91015406359441
ant,G9PG3KLJ,2048,37,4,0,1.4,1.3,3,5,40,0,33.39631825577646,0.9364587333798408,1.5522400174660411,90.62693361710171
ant,QHTQ1HAO,2048,50,4,0,1.4,1.3,3,5,40,0,31.69378767253274,0.929187944829464,0.9895845055444724,89.78513521927206
ant,XLXQ4GJH,2048,0,4,4,1.4,1.3,3,5,40,0,40.97600675713478,0.9897990915179252,1.1507586252635502,59.41980030233088
ant,U653LQZ6,2048,12,4,4,1.4,1.3,3,5,40,0,38.64167638424704,0.9774140059947968,1.144591578027141,60.19703655055826
ant,BECPV6SX,2048,37,4,4,1.4,1.3,3,5,40,0,32.688950549605586,0.9347440129518508,1.374235720063062,89.87262344255824
ant,L4ZJEJAU,2048,50,4,4,1.4,1.3,3,5,40,0,31.560185920663614,0.9273943534493446,0.7121973713220016,88.7542330589937
ant,SFB8LXUO,2048,0,4,12,1.4,1.3,3,5,40,0,40.97600675713478,0.9897990915179252,1.1507586252635502,59.41980030233088
ant,PXSIPPFH,2048,12,4,12,1.4,1.3,3,5,40,0,38.63636380630548,0.9773668321967124,1.144688742680637,60.20225133158643
ant,B3259L3H,2048,37,4,12,1.4,1.3,3,5,40,0,32.69849375323293,0.9347171145677566,1.3583122133248258,89.83457766436594
ant,VHDLLPPF,2048,50,4,12,1.4,1.3,3,5,40,0,31.5710364986508,0.927397785782814,0.7558517661740705,88.74430285172672
ant,MZZ8G5A7,2048,0,4,16,1.4,1.3,3,5,40,0,40.97600675713478,0.9897990915179252,1.1507586252635502,59.41980030233088
ant,EBN412TH,2048,12,4,16,1.4,1.3,3,5,40,0,38.63636380630548,0.9773668321967124,1.144688742680637,60.20225133158643
ant,XP1LXQ4L,2048,37,4,16,1.4,1.3,3,5,40,0,32.69849375323293,0.9347171145677566,1.3583122133248258,89.83457766436594
ant,IQAOYL1Z,2048,50,4,16,1.4,1.3,3,5,40,0,31.5710364986508,0.927397785782814,0.7558517661740705,88.74430285172672
misato,2I2WNWZ1,2048,0,4,0,1.4,1.3,3,5,40,0,39.543015139456976,0.9931729066371918,1.202226557631521,52.31618766005822
misato,WW4FC4JZ,2048,12,4,0,1.4,1.3,3,5,40,0,37.42475297963138,0.9869163742661476,1.196236830699294,51.77259888568031
misato,P1NGJMVK,2048,37,4,0,1.4,1.3,3,5,40,0,30.91162030987029,0.8716140049695968,1.2481934865389988,61.29006729595905
misato,6XKZLTMH,2048,50,4,0,1.4,1.3,3,5,40,0,29.523855367514567,0.6721398296952248,1.271169905919222,71.9645786788779
misato,DRHCLRO8,2048,0,4,4,1.4,1.3,3,5,40,0,39.543015139456976,0.9931729066371918,1.202226557631521,52.31618766005822
misato,Y358OZOO,2048,12,4,4,1.4,1.3,3,5,40,0,37.05296974694915,0.9842705860733986,1.19835270949662,51.86357627154534
misato,JP6CIOO9,2048,37,4,4,1.4,1.3,3,5,40,0,30.85476581816087,0.8715023657679558,1.2358353371003024,61.70614361254114
misato,0SFBHXF8,2048,50,4,4,1.4,1.3,3,5,40,0,29.541448321271652,0.6779473724961281,1.3228740051290535,72.61044669182193
misato,OBSXY2TV,2048,0,4,12,1.4,1.3,3,5,40,0,39.543015139456976,0.9931729066371918,1.202226557631521,52.31618766005822
misato,04HP5CDH,2048,12,4,12,1.4,1.3,3,5,40,0,37.02766712500802,0.9835843312740326,1.1973495349047183,51.89949821164616
misato,JZJBXWFV,2048,37,4,12,1.4,1.3,3,5,40,0,30.929629489553257,0.8725535744428634,1.2363483054158726,61.980333638529714
misato,JXDDMB5M,2048,50,4,12,1.4,1.3,3,5,40,0,29.580836937796203,0.6797599044442176,1.3274482149953883,72.96349684885006
misato,G9292WZ9,2048,0,4,16,1.4,1.3,3,5,40,0,39.543015139456976,0.9931729066371918,1.202226557631521,52.31618766005822
misato,3U4NCFWT,2048,12,4,16,1.4,1.3,3,5,40,0,37.0294760138552,0.9834750652313232,1.197241306803693,51.91650155827139
misato,L40WZV6L,2048,37,4,16,1.4,1.3,3,5,40,0,30.88142088328569,0.871857393682003,1.2340918160706886,61.94953166525657
misato,JHFBS669,2048,50,4,16,1.4,1.3,3,5,40,0,29.559413765193867,0.6798161342740059,1.3271303414147206,72.9982178090777
duck,ZFF20L53,2048,0,4,0,1.4,1.3,3,5,40,0,41.328311133640845,0.99570701867342,1.1973575694271632,58.93213926436191
duck,8BIO1106,2048,12,4,0,1.4,1.3,3,5,40,0,39.00261967185524,0.98792301684618,1.1943815412416674,58.640990138375
duck,ZJUS9C6S,2048,37,4,0,1.4,1.3,3,5,40,0,32.02933947085002,0.8731835436820984,1.3093403139391748,66.81826614535713
duck,F87WXFI7,2048,50,4,0,1.4,1.3,3,5,40,0,29.666048007138635,0.6857775887846946,1.472259524046986,74.15040629465157
duck,42FN6N9S,2048,0,4,4,1.4,1.3,3,5,40,0,41.328311133640845,0.99570701867342,1.1973575694271632,58.93213926436191
duck,C19IXTI1,2048,12,4,4,1.4,1.3,3,5,40,0,38.484803797222376,0.985305178463459,1.1970596805756126,58.79536029870266
duck,DM8DJ4KB,2048,37,4,4,1.4,1.3,3,5,40,0,32.17351864892444,0.8717803657054901,1.3467451131347528,68.00065611426756
duck,CMWJBKJB,2048,50,4,4,1.4,1.3,3,5,40,0,29.90180474355748,0.6927439376711846,1.6359419846566243,75.59146204445332
duck,FR8BLLNI,2048,0,4,12,1.4,1.3,3,5,40,0,41.328311133640845,0.99570701867342,1.1973575694271632,58.93213926436191
duck,V99QFARR,2048,12,4,12,1.4,1.3,3,5,40,0,38.43732435194731,0.985116935968399,1.1968091946583197,58.78198517548371
duck,QHMJCSEC,2048,37,4,12,1.4,1.3,3,5,40,0,32.180931812528435,0.8707809400558472,1.333779453285184,68.00819700368163
duck,1B90I8SV,2048,50,4,12,1.4,1.3,3,5,40,0,29.973041395610416,0.6932635426521301,1.6114937706714838,75.99350585935957
duck,OBU3DQ6R,2048,0,4,16,1.4,1.3,3,5,40,0,41.328311133640845,0.99570701867342,1.1973575694271632,58.93213926436191
duck,DY2S7E15,2048,12,4,16,1.4,1.3,3,5,40,0,38.43732435194731,0.985116935968399,1.1968091946583197,58.78198517548371
duck,5WNITK8Q,2048,37,4,16,1.4,1.3,3,5,40,0,32.180931812528435,0.8707809400558472,1.333779453285184,68.00819700368163
duck,ZJYQQTAO,2048,50,4,16,1.4,1.3,3,5,40,0,29.973041395610416,0.6932635426521301,1.6114937706714838,75.99350585935957
